{
  "autoscaling": {
    "name": "AutoScaling"
  },
  "cloudformation": {
    "name": "CloudFormation"
  },
  "cloudfront": {
    "name": "CloudFront",
    "versions": ["2013-05-12*", "2013-11-11*", "2014-05-31*"]
  },
  "cloudsearch": {
    "name": "CloudSearch"
  },
  "cloudsearchdomain": {
    "name": "CloudSearchDomain"
  },
  "cloudtrail": {
    "name": "CloudTrail"
  },
  "cloudwatch": {
    "prefix": "monitoring",
    "name": "CloudWatch"
  },
  "cloudwatchlogs": {
    "prefix": "logs",
    "name": "CloudWatchLogs"
  },
  "codedeploy": {
    "name": "CodeDeploy"
  },
  "cognitoidentity": {
    "prefix": "cognito-identity",
    "name": "CognitoIdentity"
  },
  "cognitosync": {
    "prefix": "cognito-sync",
    "name": "CognitoSync"
  },
  "configservice": {
    "prefix": "config",
    "name": "ConfigService"
  },
  "datapipeline": {
    "name": "DataPipeline"
  },
  "directconnect": {
    "name": "DirectConnect"
  },
  "dynamodb": {
    "name": "DynamoDB"
  },
  "ec2": {
    "name": "EC2",
    "versions": ["2013-06-15*", "2013-10-15*", "2014-02-01*", "2014-05-01*", "2014-06-15*", "2014-09-01*"]
  },
  "elasticache": {
    "name": "ElastiCache",
    "versions": ["2012-11-15*", "2014-03-24*", "2014-07-15*"]
  },
  "elasticbeanstalk": {
    "name": "ElasticBeanstalk"
  },
  "elb": {
    "prefix": "elasticloadbalancing",
    "name": "ELB"
  },
  "emr": {
    "prefix": "elasticmapreduce",
    "name": "EMR"
  },
  "elastictranscoder": {
    "name": "ElasticTranscoder"
  },
  "glacier": {
    "name": "Glacier"
  },
  "iam": {
    "name": "IAM"
  },
  "importexport": {
    "name": "ImportExport"
  },
  "kinesis": {
    "name": "Kinesis"
  },
  "kms": {
    "name": "KMS"
  },
  "lambda": {
    "name": "Lambda"
  },
  "opsworks": {
    "name": "OpsWorks"
  },
  "rds": {
    "name": "RDS"
  },
  "redshift": {
    "name": "Redshift"
  },
  "route53": {
    "name": "Route53"
  },
  "route53domains": {
    "name": "Route53Domains"
  },
  "s3": {
    "name": "S3"
  },
  "ses": {
    "prefix": "email",
    "name": "SES"
  },
  "simpledb": {
    "prefix": "sdb",
    "name": "SimpleDB"
  },
  "sns": {
    "name": "SNS"
  },
  "sqs": {
    "name": "SQS"
  },
  "storagegateway": {
    "name": "StorageGateway"
  },
  "sts": {
    "name": "STS"
  },
  "support": {
    "name": "Support"
  },
  "swf": {
    "name": "SWF"
  }
}
